{"cameraMode":{"drawMode":0,"name":"Shaded","section":"Shading Mode"},"sceneLighting":false,"audioPlay":false,"sceneViewState":{"showFog":true,"showMaterialUpdate":false,"showSkybox":false,"showFlares":true,"showImageEffects":true,"showParticleSystems":true},"in2DMode":false,"pivot":{"x":54.3121452331543,"y":28.525405883789064,"z":32.547786712646487},"rotation":{"x":-0.005033934023231268,"y":0.946414589881897,"z":-0.32258573174476626,"w":-0.014767545275390149},"size":6.959568977355957,"orthographic":false}