{"cameraMode":{"drawMode":0,"name":"Shaded","section":"Shading Mode"},"sceneLighting":false,"audioPlay":false,"sceneViewState":{"showFog":true,"showMaterialUpdate":false,"showSkybox":false,"showFlares":true,"showImageEffects":true,"showParticleSystems":true},"in2DMode":false,"pivot":{"x":0.0008460264652967453,"y":0.32427868247032168,"z":0.9318349361419678},"rotation":{"x":0.3152080476284027,"y":0.3637911379337311,"z":-0.13233983516693116,"w":0.8664798140525818},"size":6.340675354003906,"orthographic":false}