{"cameraMode":{"drawMode":0,"name":"Shaded","section":"Shading Mode"},"sceneLighting":false,"audioPlay":false,"sceneViewState":{"showFog":true,"showMaterialUpdate":false,"showSkybox":false,"showFlares":true,"showImageEffects":true,"showParticleSystems":true},"in2DMode":false,"pivot":{"x":-6.932464122772217,"y":8.424911499023438,"z":0.6606121063232422},"rotation":{"x":-0.036077532917261127,"y":0.9621235728263855,"z":-0.21868810057640077,"w":-0.1587240993976593},"size":32.364776611328128,"orthographic":false}