{"cameraMode":{"drawMode":0,"name":"Shaded","section":"Shading Mode"},"sceneLighting":false,"audioPlay":false,"sceneViewState":{"showFog":true,"showMaterialUpdate":false,"showSkybox":false,"showFlares":true,"showImageEffects":true,"showParticleSystems":true},"in2DMode":false,"pivot":{"x":8.900002479553223,"y":19.216594696044923,"z":0.6599947214126587},"rotation":{"x":-0.08682893216609955,"y":0.8211917281150818,"z":-0.12991392612457276,"w":-0.5488872528076172},"size":31.59093475341797,"orthographic":false}