{"cameraMode":{"drawMode":0,"name":"Shaded","section":"Shading Mode"},"sceneLighting":false,"audioPlay":false,"sceneViewState":{"showFog":true,"showMaterialUpdate":false,"showSkybox":false,"showFlares":true,"showImageEffects":true,"showParticleSystems":true},"in2DMode":false,"pivot":{"x":8.917219161987305,"y":2.8023064136505129,"z":-2.0243213176727297},"rotation":{"x":-0.22883623838424684,"y":0.4134690463542938,"z":-0.10818187892436981,"w":-0.8746462464332581},"size":7.653435707092285,"orthographic":false}