{"cameraMode":{"drawMode":0,"name":"Shaded","section":"Shading Mode"},"sceneLighting":false,"audioPlay":false,"sceneViewState":{"showFog":true,"showMaterialUpdate":false,"showSkybox":false,"showFlares":true,"showImageEffects":true,"showParticleSystems":true},"in2DMode":false,"pivot":{"x":8.90343952178955,"y":3.8225631713867189,"z":0.6499996781349182},"rotation":{"x":-0.15976904332637788,"y":0.5229707360267639,"z":-0.10052478313446045,"w":-0.8312058448791504},"size":10.690559387207032,"orthographic":false}