{"cameraMode":{"drawMode":0,"name":"Shaded","section":"Shading Mode"},"sceneLighting":false,"audioPlay":false,"sceneViewState":{"showFog":true,"showMaterialUpdate":false,"showSkybox":false,"showFlares":true,"showImageEffects":true,"showParticleSystems":true},"in2DMode":false,"pivot":{"x":27.799999237060548,"y":3.9000000953674318,"z":11.199999809265137},"rotation":{"x":0.43530380725860598,"y":-0.4433775842189789,"z":0.26128554344177248,"w":0.7387142181396484},"size":2.857893943786621,"orthographic":false}