{"cameraMode":{"drawMode":0,"name":"Shaded","section":"Shading Mode"},"sceneLighting":false,"audioPlay":false,"sceneViewState":{"showFog":true,"showMaterialUpdate":false,"showSkybox":false,"showFlares":true,"showImageEffects":true,"showParticleSystems":true},"in2DMode":false,"pivot":{"x":0.041386961936950687,"y":-0.014249801635742188,"z":-0.1691480278968811},"rotation":{"x":-0.306770384311676,"y":0.4487878084182739,"z":-0.1674034297466278,"w":-0.8225008845329285},"size":4.713252544403076,"orthographic":false}