{"cameraMode":{"drawMode":0,"name":"Shaded","section":"Shading Mode"},"sceneLighting":false,"audioPlay":false,"sceneViewState":{"showFog":true,"showMaterialUpdate":false,"showSkybox":false,"showFlares":true,"showImageEffects":true,"showParticleSystems":true},"in2DMode":false,"pivot":{"x":7.132061958312988,"y":0.9495962858200073,"z":-2.4988811016082765},"rotation":{"x":-0.15976904332637788,"y":0.5229707360267639,"z":-0.10052478313446045,"w":-0.8312058448791504},"size":4.272017478942871,"orthographic":false}