{"cameraMode":{"drawMode":0,"name":"Shaded","section":"Shading Mode"},"sceneLighting":false,"audioPlay":false,"sceneViewState":{"showFog":true,"showMaterialUpdate":false,"showSkybox":false,"showFlares":true,"showImageEffects":true,"showParticleSystems":true},"in2DMode":false,"pivot":{"x":1.3338477611541749,"y":0.15039069950580598,"z":-0.6352419853210449},"rotation":{"x":0.3152080476284027,"y":0.3637911379337311,"z":-0.13233983516693116,"w":0.8664798140525818},"size":8.07453441619873,"orthographic":false}