{"cameraMode":{"drawMode":0,"name":"Shaded","section":"Shading Mode"},"sceneLighting":false,"audioPlay":false,"sceneViewState":{"showFog":true,"showMaterialUpdate":false,"showSkybox":false,"showFlares":true,"showImageEffects":true,"showParticleSystems":true},"in2DMode":false,"pivot":{"x":-6.392762660980225,"y":1.6280248165130616,"z":3.4743504524230959},"rotation":{"x":0.16267117857933045,"y":0.6573811769485474,"z":-0.14838452637195588,"w":0.7206761837005615},"size":10.243876457214356,"orthographic":false}