{"cameraMode":{"drawMode":0,"name":"Shaded","section":"Shading Mode"},"sceneLighting":false,"audioPlay":false,"sceneViewState":{"showFog":true,"showMaterialUpdate":false,"showSkybox":false,"showFlares":true,"showImageEffects":true,"showParticleSystems":true},"in2DMode":false,"pivot":{"x":0.01368856430053711,"y":-0.00791776180267334,"z":0.009960174560546875},"rotation":{"x":0.16498850286006928,"y":0.7166873812675476,"z":-0.18109335005283357,"w":0.6529525518417358},"size":11.029305458068848,"orthographic":false}