{"cameraMode":{"drawMode":0,"name":"Shaded","section":"Shading Mode"},"sceneLighting":false,"audioPlay":false,"sceneViewState":{"showFog":true,"showMaterialUpdate":false,"showSkybox":false,"showFlares":true,"showImageEffects":true,"showParticleSystems":true},"in2DMode":false,"pivot":{"x":-0.11939215660095215,"y":-0.7977133393287659,"z":0.4508986473083496},"rotation":{"x":0.16356883943080903,"y":-0.3828459680080414,"z":0.06907325983047486,"w":0.906597912311554},"size":4.121298789978027,"orthographic":false}