{"cameraMode":{"drawMode":0,"name":"Shaded","section":"Shading Mode"},"sceneLighting":false,"audioPlay":false,"sceneViewState":{"showFog":true,"showMaterialUpdate":false,"showSkybox":false,"showFlares":true,"showImageEffects":true,"showParticleSystems":true},"in2DMode":false,"pivot":{"x":527.664794921875,"y":829.282470703125,"z":-526.774169921875},"rotation":{"x":-0.23776008188724519,"y":-0.46233898401260378,"z":0.13019049167633058,"w":-0.8442779183387756},"size":8.826939582824707,"orthographic":false}