{"cameraMode":{"drawMode":0,"name":"Shaded","section":"Shading Mode"},"sceneLighting":false,"audioPlay":false,"sceneViewState":{"showFog":true,"showMaterialUpdate":false,"showSkybox":false,"showFlares":true,"showImageEffects":true,"showParticleSystems":true},"in2DMode":false,"pivot":{"x":9.565861701965332,"y":0.34414005279541018,"z":-0.16402001678943635},"rotation":{"x":-0.20627450942993165,"y":0.667792558670044,"z":-0.20066355168819428,"w":-0.6864913105964661},"size":21.234289169311525,"orthographic":false}