{"cameraMode":{"drawMode":0,"name":"Shaded","section":"Shading Mode"},"sceneLighting":false,"audioPlay":false,"sceneViewState":{"showFog":true,"showMaterialUpdate":false,"showSkybox":false,"showFlares":true,"showImageEffects":true,"showParticleSystems":true},"in2DMode":false,"pivot":{"x":27.60723876953125,"y":3.329200029373169,"z":11.174134254455567},"rotation":{"x":0.2043171525001526,"y":-0.44985949993133547,"z":0.106519415974617,"w":0.862888514995575},"size":2.857893943786621,"orthographic":false}