{"cameraMode":{"drawMode":0,"name":"Shaded","section":"Shading Mode"},"sceneLighting":true,"audioPlay":false,"sceneViewState":{"showFog":true,"showMaterialUpdate":false,"showSkybox":true,"showFlares":true,"showImageEffects":true,"showParticleSystems":true},"in2DMode":false,"pivot":{"x":74.51556396484375,"y":8.328041076660157,"z":18.981590270996095},"rotation":{"x":-0.3409399688243866,"y":0.2839619219303131,"z":-0.10884497314691544,"w":-0.8895675539970398},"size":78.20378112792969,"orthographic":false}