{"cameraMode":{"drawMode":0,"name":"Shaded","section":"Shading Mode"},"sceneLighting":false,"audioPlay":false,"sceneViewState":{"showFog":true,"showMaterialUpdate":false,"showSkybox":false,"showFlares":true,"showImageEffects":true,"showParticleSystems":true},"in2DMode":false,"pivot":{"x":8.14362621307373,"y":2.011101484298706,"z":-2.3391425609588625},"rotation":{"x":-0.189805805683136,"y":0.6054978370666504,"z":-0.1516479253768921,"w":-0.7578793168067932},"size":2.6132524013519289,"orthographic":false}