{"cameraMode":{"drawMode":0,"name":"Shaded","section":"Shading Mode"},"sceneLighting":false,"audioPlay":false,"sceneViewState":{"showFog":true,"showMaterialUpdate":false,"showSkybox":false,"showFlares":true,"showImageEffects":true,"showParticleSystems":true},"in2DMode":false,"pivot":{"x":-15.433544158935547,"y":-0.12413328886032105,"z":-4.803643226623535},"rotation":{"x":0.19307319819927216,"y":0.6054871082305908,"z":-0.15454033017158509,"w":0.7564573287963867},"size":6.108733177185059,"orthographic":false}