{"cameraMode":{"drawMode":0,"name":"Shaded","section":"Shading Mode"},"sceneLighting":false,"audioPlay":false,"sceneViewState":{"showFog":true,"showMaterialUpdate":false,"showSkybox":false,"showFlares":true,"showImageEffects":true,"showParticleSystems":true},"in2DMode":false,"pivot":{"x":0.6965563893318176,"y":1.2527538537979127,"z":0.35199639201164248},"rotation":{"x":0.11738799512386322,"y":0.4192087650299072,"z":-0.05476255714893341,"w":0.8986028432846069},"size":7.406993865966797,"orthographic":false}