{"cameraMode":{"drawMode":0,"name":"Shaded","section":"Shading Mode"},"sceneLighting":false,"audioPlay":false,"sceneViewState":{"showFog":true,"showMaterialUpdate":false,"showSkybox":false,"showFlares":true,"showImageEffects":true,"showParticleSystems":true},"in2DMode":false,"pivot":{"x":27.799999237060548,"y":3.9000000953674318,"z":11.199999809265137},"rotation":{"x":0.16356883943080903,"y":-0.3828459680080414,"z":0.06907325983047486,"w":0.906597912311554},"size":2.857893943786621,"orthographic":false}