{"cameraMode":{"drawMode":0,"name":"Shaded","section":"Shading Mode"},"sceneLighting":false,"audioPlay":false,"sceneViewState":{"showFog":true,"showMaterialUpdate":false,"showSkybox":false,"showFlares":true,"showImageEffects":true,"showParticleSystems":true},"in2DMode":false,"pivot":{"x":54.186492919921878,"y":27.9304141998291,"z":32.14375686645508},"rotation":{"x":0.31616851687431338,"y":-0.3035672605037689,"z":0.10755470395088196,"w":0.8923780918121338},"size":6.959568977355957,"orthographic":false}