{"cameraMode":{"drawMode":0,"name":"Shaded","section":"Shading Mode"},"sceneLighting":false,"audioPlay":false,"sceneViewState":{"showFog":true,"showMaterialUpdate":false,"showSkybox":false,"showFlares":true,"showImageEffects":true,"showParticleSystems":true},"in2DMode":false,"pivot":{"x":-2.1148087978363039,"y":1.187096118927002,"z":-0.3250475525856018},"rotation":{"x":-0.07268868386745453,"y":0.9187740683555603,"z":-0.33173882961273196,"w":-0.20131497085094453},"size":9.654603004455567,"orthographic":false}