{"cameraMode":{"drawMode":0,"name":"Shaded","section":"Shading Mode"},"sceneLighting":false,"audioPlay":false,"sceneViewState":{"showFog":true,"showMaterialUpdate":false,"showSkybox":false,"showFlares":true,"showImageEffects":true,"showParticleSystems":true},"in2DMode":false,"pivot":{"x":8.276533126831055,"y":1.9558610916137696,"z":0.6168814897537231},"rotation":{"x":-0.055821724236011508,"y":0.5489736199378967,"z":-0.03678110986948013,"w":-0.8331909775733948},"size":3.4527926445007326,"orthographic":false}