{"cameraMode":{"drawMode":0,"name":"Shaded","section":"Shading Mode"},"sceneLighting":false,"audioPlay":false,"sceneViewState":{"showFog":true,"showMaterialUpdate":false,"showSkybox":false,"showFlares":true,"showImageEffects":true,"showParticleSystems":true},"in2DMode":false,"pivot":{"x":8.900002479553223,"y":1.736901044845581,"z":0.7599998712539673},"rotation":{"x":-0.14477644860744477,"y":0.6879511475563049,"z":-0.1429707407951355,"w":-0.696683406829834},"size":5.068201065063477,"orthographic":false}