{"cameraMode":{"drawMode":0,"name":"Shaded","section":"Shading Mode"},"sceneLighting":false,"audioPlay":false,"sceneViewState":{"showFog":true,"showMaterialUpdate":false,"showSkybox":false,"showFlares":true,"showImageEffects":true,"showParticleSystems":true},"in2DMode":false,"pivot":{"x":-3.155362606048584,"y":3.028395175933838,"z":-4.570885181427002},"rotation":{"x":0.11738799512386322,"y":0.4192087650299072,"z":-0.05476255714893341,"w":0.8986028432846069},"size":3.1171953678131105,"orthographic":false}