{"cameraMode":{"drawMode":0,"name":"Shaded","section":"Shading Mode"},"sceneLighting":true,"audioPlay":false,"sceneViewState":{"showFog":true,"showMaterialUpdate":false,"showSkybox":true,"showFlares":true,"showImageEffects":true,"showParticleSystems":true},"in2DMode":false,"pivot":{"x":13.86837387084961,"y":-3.8108339309692385,"z":12.066761016845704},"rotation":{"x":0.48460638523101809,"y":-0.3253554701805115,"z":0.20038728415966035,"w":0.7868843078613281},"size":20.347759246826173,"orthographic":false}