{"cameraMode":{"drawMode":0,"name":"Shaded","section":"Shading Mode"},"sceneLighting":false,"audioPlay":false,"sceneViewState":{"showFog":true,"showMaterialUpdate":false,"showSkybox":false,"showFlares":true,"showImageEffects":true,"showParticleSystems":true},"in2DMode":false,"pivot":{"x":7.912322998046875,"y":1.5399770736694337,"z":0.3579474091529846},"rotation":{"x":-0.05781920999288559,"y":0.6918203234672546,"z":-0.055742401629686359,"w":-0.7176230549812317},"size":3.4527926445007326,"orthographic":false}